client_address,msg('127.0.0.1', 59074),Hello
('127.0.0.1', 59074),exit
('127.0.0.1', 59107),close
('127.0.0.1', 59214),Hello
('127.0.0.1', 59214),close
('127.0.0.1', 59403),close
1721338542.804838,('127.0.0.1', 59633),Close
1721338565.9175675,('127.0.0.1', 59633),Hello
1721338571.4774468,('127.0.0.1', 59633),close
